'HeardPhone','P','B','T','D','K','G','JH','CH','F','V','TH','DH','S','Z','SH','HH','M','N','L','R','NG','Y','W','ZH','IH1','IY1','EY1','AY1','OY1','EH1','AE1','ER1','UH1','UW1','AW1','OW1','AO1','AH1','AA1'
'P',0.339769443,0.0176226625597,0.0782149368989,4.56489685616e-06,0.117505009974,0.0108018357524,0.00418776228213,0.00209168554994,0.170969116979,0.0173550997365,0.111095894788,4.56489685616e-06,0.0063324655675,0.00214093662554,0.00209168554994,0.153412913519,0.00211826534625,4.41277055799e-06,0.00430492361188,0.0042410343636,1.77910617706e-05,1.80949623625e-05,0.00852272727273,1.73493641458e-05,2.156101768e-06,2.17522290597e-06,2.16244737144e-06,2.13723164385e-06,2.13723164385e-06,2.21423621029e-06,2.16244737144e-06,2.12478884911e-06,2.27475387163e-06,2.18811198757e-06,2.14978405419e-06,2.18811198757e-06,2.18811198757e-06,2.16882102889e-06,2.22084036599e-06
'B',0.0389586056033,0.288496519609,0.0148010439384,0.0598229732999,0.0128227952689,0.0475122196933,0.0104628418146,4.35767822904e-06,0.0497791393226,0.110613473843,0.0405956277418,0.0640957167573,0.0126604810538,0.0149591669976,4.35767822904e-06,0.0745247294466,0.0274838225305,0.00420537034177,0.0258064217808,0.0296603133429,0.00423427270139,0.0340366242038,0.0425412565142,1.73493641458e-05,2.156101768e-06,2.17522290597e-06,2.16244737144e-06,2.13723164385e-06,2.13723164385e-06,2.21423621029e-06,2.16244737144e-06,2.12478884911e-06,2.27475387163e-06,2.18811198757e-06,2.14978405419e-06,2.18811198757e-06,2.18811198757e-06,2.16882102889e-06,2.22084036599e-06
'T',0.0995535944314,0.00661153015935,0.490405241143,0.0320501408271,0.138868727261,0.0215990074997,0.00627945545963,0.0438382429841,0.0627637797857,0.0130175009409,0.119641381703,0.0170955387263,0.0253165120263,0.00855005181158,4.35767822904e-06,0.052611344982,0.00211826534625,4.41277055799e-06,0.00430492361188,0.0042410343636,0.00423427270139,0.00852272727273,0.00427041111754,1.73493641458e-05,2.156101768e-06,2.17522290597e-06,2.16244737144e-06,2.13723164385e-06,2.13723164385e-06,2.21423621029e-06,2.16244737144e-06,2.12478884911e-06,2.27475387163e-06,2.18811198757e-06,2.14978405419e-06,2.18811198757e-06,2.18811198757e-06,2.16882102889e-06,2.22084036599e-06
'D',0.00866111118918,0.0616671921612,0.00845965464231,0.294823863455,0.0064136800829,0.0604688257901,0.050205012187,4.35767822904e-06,0.00649700444532,0.0260302973278,0.0128227952689,0.136732355532,4.45008121398e-06,0.0598229732999,4.35767822904e-06,0.00440189915999,0.0105734510743,0.029411115769,0.0129055228794,0.00635930761187,0.0126672359806,0.0552982049797,1.80949623625e-05,0.0250004337341,2.156101768e-06,2.17522290597e-06,2.16244737144e-06,2.13723164385e-06,2.13723164385e-06,2.21423621029e-06,2.16244737144e-06,2.12478884911e-06,2.27475387163e-06,2.18811198757e-06,2.14978405419e-06,2.18811198757e-06,2.18811198757e-06,2.16882102889e-06,2.22084036599e-06
'K',0.0973894876875,0.0286337949601,0.0782149368989,0.00214093662554,0.457188114835,0.0129612701019,0.00209606910464,0.00626634129336,0.0541073528103,0.00867990214528,0.0405956277418,4.56489685616e-06,0.0063324655675,4.56489685616e-06,0.00209168554994,0.0482286680891,0.00211826534625,4.41277055799e-06,0.00430492361188,0.00847758086014,0.00423427270139,1.80949623625e-05,1.80949623625e-05,1.73493641458e-05,2.156101768e-06,2.17522290597e-06,2.16244737144e-06,2.13723164385e-06,2.13723164385e-06,2.21423621029e-06,2.16244737144e-06,2.12478884911e-06,2.27475387163e-06,2.18811198757e-06,2.14978405419e-06,2.18811198757e-06,2.18811198757e-06,2.16882102889e-06,2.22084036599e-06
'G',0.0129893246769,0.055060512721,0.0169148403704,0.0384592560131,0.0128227952689,0.336876422522,0.0271963872345,0.00209168554994,0.00433289770146,0.0585622882951,0.00855005181158,0.0427319994705,0.00211378857664,0.019231910455,0.00209168554994,0.0175499298387,0.0169148403704,0.00630584912737,0.0150556726963,0.0127141273567,0.0927803871335,0.0340366242038,0.00852272727273,0.0125088915491,2.156101768e-06,2.17522290597e-06,2.16244737144e-06,2.13723164385e-06,2.13723164385e-06,2.21423621029e-06,2.16244737144e-06,2.12478884911e-06,2.27475387163e-06,2.18811198757e-06,2.14978405419e-06,2.18811198757e-06,2.18811198757e-06,2.16882102889e-06,2.22084036599e-06
'JH',0.00433289770146,0.0110159831195,0.00211826534625,0.0341865125557,4.56489685616e-06,0.0129612701019,0.669346192725,0.0354889314973,0.00216879095759,0.0130175009409,4.56489685616e-06,0.0491411146565,4.45008121398e-06,0.0341865125557,0.00417901342165,0.00440189915999,0.00211826534625,0.00420537034177,0.00215477379499,0.00635930761187,1.77910617706e-05,0.0297843080486,1.80949623625e-05,0.233192803484,2.156101768e-06,2.17522290597e-06,2.16244737144e-06,2.13723164385e-06,2.13723164385e-06,2.21423621029e-06,2.16244737144e-06,2.12478884911e-06,2.27475387163e-06,2.18811198757e-06,2.14978405419e-06,2.18811198757e-06,2.18811198757e-06,2.16882102889e-06,2.22084036599e-06
'CH',4.6842137313e-06,0.00220707719919,0.0126872475063,0.00427730835422,0.0149591669976,0.004323532704,0.0397465462995,0.86833275231,4.6842137313e-06,0.00434230334964,0.0064136800829,0.00427730835422,0.00422312707207,0.00214093662554,0.169077915287,0.00440189915999,4.4689142326e-06,4.41277055799e-06,0.00215477379499,4.48786705143e-06,0.00423427270139,1.80949623625e-05,1.80949623625e-05,0.0208365863391,2.156101768e-06,2.17522290597e-06,2.16244737144e-06,2.13723164385e-06,2.13723164385e-06,2.21423621029e-06,2.16244737144e-06,2.12478884911e-06,2.27475387163e-06,2.18811198757e-06,2.14978405419e-06,2.18811198757e-06,2.18811198757e-06,2.16882102889e-06,2.22084036599e-06
'F',0.0844048472244,0.0506560597609,0.0317114153945,0.025641025641,0.0128227952689,0.0302367448976,0.00209606910464,0.00835366916507,0.333277122769,0.0780814828754,0.226459968137,0.0149591669976,0.111799390339,4.56489685616e-06,4.35767822904e-06,0.100820790804,0.0148010439384,4.41277055799e-06,0.040857470499,0.0127141273567,0.00845075434102,1.80949623625e-05,1.80949623625e-05,0.00418119675914,2.156101768e-06,2.17522290597e-06,2.16244737144e-06,2.13723164385e-06,2.13723164385e-06,2.21423621029e-06,2.16244737144e-06,2.12478884911e-06,2.27475387163e-06,2.18811198757e-06,2.14978405419e-06,2.18811198757e-06,2.18811198757e-06,2.16882102889e-06,2.22084036599e-06
'V',0.0129893246769,0.107913948243,0.00423206177827,0.0384592560131,0.0064136800829,0.0950197753815,0.00627945545963,4.35767822904e-06,0.0259739651401,0.338337410613,0.0320501408271,0.119641381703,4.45008121398e-06,0.106823151331,0.00209168554994,0.0306979605175,0.0676459547388,0.018908721841,0.0516082195835,0.0444882260808,0.0590485340165,0.0127750434279,0.0297843080486,0.0416558233141,2.156101768e-06,2.17522290597e-06,2.16244737144e-06,2.13723164385e-06,2.13723164385e-06,2.21423621029e-06,2.16244737144e-06,2.12478884911e-06,2.27475387163e-06,2.18811198757e-06,2.14978405419e-06,2.18811198757e-06,2.18811198757e-06,2.16882102889e-06,2.22084036599e-06
'TH',0.0476150325787,0.0440493803206,0.0549631761467,0.0534138581139,0.0363228842844,0.0410339166449,0.0146462281696,0.00417901342165,0.106045914663,0.0347054949191,0.192278020478,0.0961412926875,0.0949246823755,0.0598229732999,0.00209168554994,0.0482286680891,0.00423206177827,0.00630584912737,0.0150556726963,0.0042410343636,1.77910617706e-05,0.00427041111754,1.80949623625e-05,1.73493641458e-05,2.156101768e-06,2.17522290597e-06,2.16244737144e-06,2.13723164385e-06,2.13723164385e-06,2.21423621029e-06,2.16244737144e-06,2.12478884911e-06,2.27475387163e-06,2.18811198757e-06,2.14978405419e-06,2.18811198757e-06,2.18811198757e-06,2.16882102889e-06,2.22084036599e-06
'DH',0.0173175381646,0.0682738716015,0.0295976189625,0.104686779602,0.0149591669976,0.0388744822954,0.0439299326545,0.00835366916507,0.058435566298,0.106275875047,0.113232266517,0.241414570238,0.0569565894578,0.158096072819,0.00417901342165,0.0219326067316,0.00423206177827,0.0105068066986,0.0387073206821,0.0105958541084,0.0126672359806,0.0127750434279,0.00427041111754,0.0458196707091,2.156101768e-06,2.17522290597e-06,2.16244737144e-06,2.13723164385e-06,2.13723164385e-06,2.21423621029e-06,2.16244737144e-06,2.12478884911e-06,2.27475387163e-06,2.18811198757e-06,2.14978405419e-06,2.18811198757e-06,2.18811198757e-06,2.16882102889e-06,2.22084036599e-06
'S',4.6842137313e-06,0.00220707719919,0.00634585821029,0.0106864235403,4.56489685616e-06,0.004323532704,0.00209606910464,4.35767822904e-06,0.00216879095759,0.00434230334964,0.00427730835422,0.0170955387263,0.592728567296,0.0512774863852,0.0104409970368,0.00440189915999,4.4689142326e-06,4.41277055799e-06,4.62397810084e-06,4.48786705143e-06,1.77910617706e-05,1.80949623625e-05,1.80949623625e-05,0.00834504415413,2.156101768e-06,2.17522290597e-06,2.16244737144e-06,2.13723164385e-06,2.13723164385e-06,2.21423621029e-06,2.16244737144e-06,2.12478884911e-06,2.27475387163e-06,2.18811198757e-06,2.14978405419e-06,2.18811198757e-06,2.18811198757e-06,2.16882102889e-06,2.22084036599e-06
'Z',4.6842137313e-06,0.00440930367927,0.00845965464231,0.0106864235403,4.56489685616e-06,0.00648296705347,0.00209606910464,4.35767822904e-06,4.6842137313e-06,0.00217350395183,0.00427730835422,0.0512774863852,0.048519235476,0.350369528401,4.35767822904e-06,1.92222670742e-05,0.00211826534625,0.00840632791298,0.00215477379499,4.48786705143e-06,1.77910617706e-05,0.0170273595831,1.80949623625e-05,0.0374919759191,2.156101768e-06,2.17522290597e-06,2.16244737144e-06,2.13723164385e-06,2.13723164385e-06,2.21423621029e-06,2.16244737144e-06,2.12478884911e-06,2.27475387163e-06,2.18811198757e-06,2.14978405419e-06,2.18811198757e-06,2.18811198757e-06,2.16882102889e-06,2.22084036599e-06
'SH',4.6842137313e-06,4.85071911911e-06,0.00423206177827,4.56489685616e-06,0.00214093662554,4.66400507444e-06,0.00209606910464,0.00626634129336,0.00433289770146,4.70455400828e-06,0.00214093662554,0.00214093662554,0.0253165120263,0.00214093662554,0.789014293185,1.92222670742e-05,4.4689142326e-06,4.41277055799e-06,4.62397810084e-06,4.48786705143e-06,1.77910617706e-05,1.80949623625e-05,1.80949623625e-05,0.0250004337341,2.156101768e-06,2.17522290597e-06,2.16244737144e-06,2.13723164385e-06,2.13723164385e-06,2.21423621029e-06,2.16244737144e-06,2.12478884911e-06,2.27475387163e-06,2.18811198757e-06,2.14978405419e-06,2.18811198757e-06,2.18811198757e-06,2.16882102889e-06,2.22084036599e-06
'HH',0.203430718137,0.0792850040018,0.141628829859,0.0235046539123,0.143141470718,0.0539905227417,0.00627945545963,0.00209168554994,0.0735843135051,0.0455494919082,0.0534138581139,0.00855005181158,0.0105511425584,0.00427730835422,4.35767822904e-06,0.385694788843,0.0169148403704,0.00210489155616,0.00430492361188,0.0360151330877,1.77910617706e-05,0.0297843080486,0.0170273595831,1.73493641458e-05,2.156101768e-06,2.17522290597e-06,2.16244737144e-06,2.13723164385e-06,2.13723164385e-06,2.21423621029e-06,2.16244737144e-06,2.12478884911e-06,2.27475387163e-06,2.18811198757e-06,2.14978405419e-06,2.18811198757e-06,2.18811198757e-06,2.16882102889e-06,2.22084036599e-06
'M',0.00866111118918,0.0682738716015,0.00211826534625,0.019231910455,0.00214093662554,0.0129612701019,0.00418776228213,4.35767822904e-06,0.00216879095759,0.0368742943169,0.00427730835422,0.0064136800829,4.45008121398e-06,0.0064136800829,4.35767822904e-06,0.0175499298387,0.608777841336,0.126033139907,0.0709595679355,0.0190689471015,0.156027611728,0.0255319918935,0.0595505211349,0.00418119675914,2.156101768e-06,2.17522290597e-06,2.16244737144e-06,2.13723164385e-06,2.13723164385e-06,2.21423621029e-06,2.16244737144e-06,2.12478884911e-06,2.27475387163e-06,2.18811198757e-06,2.14978405419e-06,2.18811198757e-06,2.18811198757e-06,2.16882102889e-06,2.22084036599e-06
'N',0.00216879095759,0.0110159831195,0.00423206177827,0.130323240346,0.0106864235403,0.0518310883922,0.00209606910464,0.00209168554994,4.6842137313e-06,0.0151863003387,0.00427730835422,0.0299137690984,4.45008121398e-06,0.0299137690984,4.35767822904e-06,0.00440189915999,0.090897715491,0.69316241202,0.0279565715977,0.0042410343636,0.257223171079,0.0255319918935,1.80949623625e-05,0.0166727389441,2.156101768e-06,2.17522290597e-06,2.16244737144e-06,2.13723164385e-06,2.13723164385e-06,2.21423621029e-06,2.16244737144e-06,2.12478884911e-06,2.27475387163e-06,2.18811198757e-06,2.14978405419e-06,2.18811198757e-06,2.18811198757e-06,2.16882102889e-06,2.22084036599e-06
'L',0.00216879095759,0.024229342,0.00211826534625,0.0341865125557,4.56489685616e-06,0.0172801388008,0.00627945545963,4.35767822904e-06,0.00216879095759,0.00867990214528,0.00214093662554,0.0534138581139,4.45008121398e-06,0.00855005181158,4.35767822904e-06,0.00440189915999,0.0317114153945,0.0210092006266,0.645049569045,0.0042410343636,0.00845075434102,0.0170273595831,0.0297843080486,0.00418119675914,2.156101768e-06,2.17522290597e-06,2.16244737144e-06,2.13723164385e-06,2.13723164385e-06,2.21423621029e-06,2.16244737144e-06,2.12478884911e-06,2.27475387163e-06,2.18811198757e-06,2.14978405419e-06,2.18811198757e-06,2.18811198757e-06,2.16882102889e-06,2.22084036599e-06
'R',0.00866111118918,0.0154204360796,4.4689142326e-06,0.00214093662554,4.56489685616e-06,0.0108018357524,0.00418776228213,4.35767822904e-06,0.00866111118918,0.0173550997365,0.00427730835422,0.00214093662554,4.45008121398e-06,0.0128227952689,4.35767822904e-06,0.00440189915999,0.0105734510743,0.00630584912737,0.0150556726963,0.777410769983,0.0168837176203,1.80949623625e-05,0.00427041111754,0.00418119675914,2.156101768e-06,2.17522290597e-06,2.16244737144e-06,2.13723164385e-06,2.13723164385e-06,2.21423621029e-06,2.16244737144e-06,2.12478884911e-06,2.27475387163e-06,2.18811198757e-06,2.14978405419e-06,2.18811198757e-06,2.18811198757e-06,2.16882102889e-06,2.22084036599e-06
'NG',4.6842137313e-06,4.85071911911e-06,4.4689142326e-06,0.0149591669976,4.56489685616e-06,0.0129612701019,4.37592714956e-06,4.35767822904e-06,4.6842137313e-06,0.00434230334964,0.00427730835422,0.00427730835422,4.45008121398e-06,4.56489685616e-06,4.35767822904e-06,1.92222670742e-05,0.0718735476029,0.0525163824107,4.62397810084e-06,4.48786705143e-06,0.35420224879,1.80949623625e-05,1.80949623625e-05,1.73493641458e-05,2.156101768e-06,2.17522290597e-06,2.16244737144e-06,2.13723164385e-06,2.13723164385e-06,2.21423621029e-06,2.16244737144e-06,2.12478884911e-06,2.27475387163e-06,2.18811198757e-06,2.14978405419e-06,2.18811198757e-06,2.18811198757e-06,2.16882102889e-06,2.22084036599e-06
'Y',0.00649700444532,0.0198248890398,0.00423206177827,0.0363228842844,0.00214093662554,0.0993386440804,0.00418776228213,0.00209168554994,0.00866111118918,0.0108487015431,0.00214093662554,0.0064136800829,4.45008121398e-06,0.00214093662554,4.35767822904e-06,1.92222670742e-05,0.00423206177827,0.00210489155616,0.0107553730626,4.48786705143e-06,1.77910617706e-05,0.671884047481,0.0425412565142,1.73493641458e-05,2.156101768e-06,2.17522290597e-06,2.16244737144e-06,2.13723164385e-06,2.13723164385e-06,2.21423621029e-06,2.16244737144e-06,2.12478884911e-06,2.27475387163e-06,2.18811198757e-06,2.14978405419e-06,2.18811198757e-06,2.18811198757e-06,2.16882102889e-06,2.22084036599e-06
'W',0.00433289770146,0.0198248890398,0.00423206177827,0.00214093662554,0.00855005181158,0.00648296705347,4.37592714956e-06,4.35767822904e-06,0.0194816449085,0.0260302973278,0.00855005181158,0.00427730835422,4.45008121398e-06,0.0384592560131,4.35767822904e-06,0.0175499298387,0.00845965464231,0.00210489155616,0.00430492361188,0.014832400605,1.77910617706e-05,0.0212796757383,0.748425738274,1.73493641458e-05,2.156101768e-06,2.17522290597e-06,2.16244737144e-06,2.13723164385e-06,2.13723164385e-06,2.21423621029e-06,2.16244737144e-06,2.12478884911e-06,2.27475387163e-06,2.18811198757e-06,2.14978405419e-06,2.18811198757e-06,2.18811198757e-06,2.16882102889e-06,2.22084036599e-06
'ZH',4.6842137313e-06,0.0132182095996,4.4689142326e-06,0.0277773973697,4.56489685616e-06,0.0108018357524,0.0899471825593,0.00835366916507,0.00433289770146,0.0195238991344,0.00214093662554,0.0277773973697,0.00211378857664,0.0277773973697,0.0125283249085,1.92222670742e-05,4.4689142326e-06,0.00630584912737,0.00215477379499,4.48786705143e-06,0.00423427270139,1.80949623625e-05,1.80949623625e-05,0.516334426343,2.156101768e-06,2.17522290597e-06,2.16244737144e-06,2.13723164385e-06,2.13723164385e-06,2.21423621029e-06,2.16244737144e-06,2.12478884911e-06,2.27475387163e-06,2.18811198757e-06,2.14978405419e-06,2.18811198757e-06,2.18811198757e-06,2.16882102889e-06,2.22084036599e-06
'IH1',4.6842137313e-06,4.85071911911e-06,4.4689142326e-06,4.56489685616e-06,4.56489685616e-06,4.66400507444e-06,4.37592714956e-06,4.35767822904e-06,4.6842137313e-06,4.70455400828e-06,4.56489685616e-06,4.56489685616e-06,4.45008121398e-06,4.56489685616e-06,4.35767822904e-06,1.92222670742e-05,4.4689142326e-06,4.41277055799e-06,4.62397810084e-06,4.48786705143e-06,1.77910617706e-05,1.80949623625e-05,1.80949623625e-05,1.73493641458e-05,0.839872789996,0.042771408,0.0367637677618,0.071633593007,2.13723164385e-06,0.0535690166356,0.00882494772283,0.00291733508983,2.27475387163e-06,0.00739800662998,2.14978405419e-06,0.00296051551918,0.00148135181559,2.16882102889e-06,0.00298258861153
'IY1',4.6842137313e-06,4.85071911911e-06,4.4689142326e-06,4.56489685616e-06,4.56489685616e-06,4.66400507444e-06,4.37592714956e-06,4.35767822904e-06,4.6842137313e-06,4.70455400828e-06,4.56489685616e-06,4.56489685616e-06,4.45008121398e-06,4.56489685616e-06,4.35767822904e-06,1.92222670742e-05,4.4689142326e-06,4.41277055799e-06,4.62397810084e-06,4.48786705143e-06,1.77910617706e-05,1.80949623625e-05,1.80949623625e-05,1.73493641458e-05,0.0117485985339,0.876034046589,0.0308819109115,2.13723164385e-06,0.00146400367604,0.00595408116947,2.16244737144e-06,0.00437494024031,0.00151043657076,0.0369812807019,0.00293445523397,0.00148135181559,2.18811198757e-06,2.16882102889e-06,2.22084036599e-06
'EY1',4.6842137313e-06,4.85071911911e-06,4.4689142326e-06,4.56489685616e-06,4.56489685616e-06,4.66400507444e-06,4.37592714956e-06,4.35767822904e-06,4.6842137313e-06,4.70455400828e-06,4.56489685616e-06,4.56489685616e-06,4.45008121398e-06,4.56489685616e-06,4.35767822904e-06,1.92222670742e-05,4.4689142326e-06,4.41277055799e-06,4.62397810084e-06,4.48786705143e-06,1.77910617706e-05,1.80949623625e-05,1.80949623625e-05,1.73493641458e-05,0.00587537731781,0.00147697635315,0.841107692042,0.0146208016756,0.00292587012043,0.0238096819693,0.0382342319744,2.12478884911e-06,2.27475387163e-06,0.00148135181559,0.00146830250901,2.18811198757e-06,0.00591884292638,0.00589268673549,0.011923691925
'AY1',4.6842137313e-06,4.85071911911e-06,4.4689142326e-06,4.56489685616e-06,4.56489685616e-06,4.66400507444e-06,4.37592714956e-06,4.35767822904e-06,4.6842137313e-06,4.70455400828e-06,4.56489685616e-06,4.56489685616e-06,4.45008121398e-06,4.56489685616e-06,4.35767822904e-06,1.92222670742e-05,4.4689142326e-06,4.41277055799e-06,4.62397810084e-06,4.48786705143e-06,1.77910617706e-05,1.80949623625e-05,1.80949623625e-05,1.73493641458e-05,0.0044070720138,0.00590137974389,0.00588401929768,0.899050000534,0.00146400367604,0.00297814770284,0.00294309087253,2.12478884911e-06,0.00301859838765,0.00148135181559,2.14978405419e-06,2.18811198757e-06,0.00296051551918,0.00589268673549,0.00447277249711
'OY1',4.6842137313e-06,4.85071911911e-06,4.4689142326e-06,4.56489685616e-06,4.56489685616e-06,4.66400507444e-06,4.37592714956e-06,4.35767822904e-06,4.6842137313e-06,4.70455400828e-06,4.56489685616e-06,4.56489685616e-06,4.45008121398e-06,4.56489685616e-06,4.35767822904e-06,1.92222670742e-05,4.4689142326e-06,4.41277055799e-06,4.62397810084e-06,4.48786705143e-06,1.77910617706e-05,1.80949623625e-05,1.80949623625e-05,1.73493641458e-05,2.156101768e-06,2.17522290597e-06,2.16244737144e-06,0.00292587012043,0.929749195867,2.21423621029e-06,0.00147262665995,2.12478884911e-06,0.0165920547397,0.00739800662998,0.0131975243087,0.0236688073696,0.0103563340372,0.00147479829964,2.22084036599e-06
'EH1',4.6842137313e-06,4.85071911911e-06,4.4689142326e-06,4.56489685616e-06,4.56489685616e-06,4.66400507444e-06,4.37592714956e-06,4.35767822904e-06,4.6842137313e-06,4.70455400828e-06,4.56489685616e-06,4.56489685616e-06,4.45008121398e-06,4.56489685616e-06,4.35767822904e-06,1.92222670742e-05,4.4689142326e-06,4.41277055799e-06,4.62397810084e-06,4.48786705143e-06,1.77910617706e-05,1.80949623625e-05,1.80949623625e-05,1.73493641458e-05,0.0939736955584,0.0324478000883,0.0323523751241,0.00146400367604,0.00146400367604,0.806480183693,0.0823481583517,0.0131205711432,0.00301859838765,0.00443967922278,0.0146636770336,0.00148135181559,2.18811198757e-06,0.01178320465,0.0059629563827
'AE1',4.6842137313e-06,4.85071911911e-06,4.4689142326e-06,4.56489685616e-06,4.56489685616e-06,4.66400507444e-06,4.37592714956e-06,4.35767822904e-06,4.6842137313e-06,4.70455400828e-06,4.56489685616e-06,4.56489685616e-06,4.45008121398e-06,4.56489685616e-06,4.35767822904e-06,1.92222670742e-05,4.4689142326e-06,4.41277055799e-06,4.62397810084e-06,4.48786705143e-06,1.77910617706e-05,1.80949623625e-05,1.80949623625e-05,1.73493641458e-05,0.00587537731781,2.17522290597e-06,0.0426456246121,2.13723164385e-06,2.13723164385e-06,0.0580329168355,0.814639336215,2.12478884911e-06,2.27475387163e-06,2.18811198757e-06,0.00586676068389,2.18811198757e-06,0.0162729888516,0.0368179057864,0.0923936217465
'ER1',4.6842137313e-06,4.85071911911e-06,4.4689142326e-06,4.56489685616e-06,4.56489685616e-06,4.66400507444e-06,4.37592714956e-06,4.35767822904e-06,4.6842137313e-06,4.70455400828e-06,4.56489685616e-06,4.56489685616e-06,4.45008121398e-06,4.56489685616e-06,4.35767822904e-06,1.92222670742e-05,4.4689142326e-06,4.41277055799e-06,4.62397810084e-06,4.48786705143e-06,1.77910617706e-05,1.80949623625e-05,1.80949623625e-05,1.73493641458e-05,0.00881198792583,0.0191745899161,0.00588401929768,0.00292587012043,2.13723164385e-06,0.0163698483027,0.011765876148,0.969309549863,0.00452676020455,0.00591884292638,0.00440060795893,0.00148135181559,2.18811198757e-06,0.0147284636072,0.00894332415386
'UH1',4.6842137313e-06,4.85071911911e-06,4.4689142326e-06,4.56489685616e-06,4.56489685616e-06,4.66400507444e-06,4.37592714956e-06,4.35767822904e-06,4.6842137313e-06,4.70455400828e-06,4.56489685616e-06,4.56489685616e-06,4.45008121398e-06,4.56489685616e-06,4.35767822904e-06,1.92222670742e-05,4.4689142326e-06,4.41277055799e-06,4.62397810084e-06,4.48786705143e-06,1.77910617706e-05,1.80949623625e-05,1.80949623625e-05,1.73493641458e-05,0.00147046140578,0.00147697635315,0.00147262665995,2.13723164385e-06,0.00731146945362,0.00149018096953,2.16244737144e-06,2.12478884911e-06,0.684707739623,0.131647757732,0.00440060795893,0.0458562629235,0.00887717033358,0.0103105751713,0.00149240472595
'UW1',4.6842137313e-06,4.85071911911e-06,4.4689142326e-06,4.56489685616e-06,4.56489685616e-06,4.66400507444e-06,4.37592714956e-06,4.35767822904e-06,4.6842137313e-06,4.70455400828e-06,4.56489685616e-06,4.56489685616e-06,4.45008121398e-06,4.56489685616e-06,4.35767822904e-06,1.92222670742e-05,4.4689142326e-06,4.41277055799e-06,4.62397810084e-06,4.48786705143e-06,1.77910617706e-05,1.80949623625e-05,1.80949623625e-05,1.73493641458e-05,0.00734368262182,0.0162249876556,2.16244737144e-06,2.13723164385e-06,0.00292587012043,2.21423621029e-06,0.00147262665995,2.12478884911e-06,0.0482634528944,0.736625712504,0.00146830250901,0.0369812807019,2.18811198757e-06,0.00147479829964,2.22084036599e-06
'AW1',4.6842137313e-06,4.85071911911e-06,4.4689142326e-06,4.56489685616e-06,4.56489685616e-06,4.66400507444e-06,4.37592714956e-06,4.35767822904e-06,4.6842137313e-06,4.70455400828e-06,4.56489685616e-06,4.56489685616e-06,4.45008121398e-06,4.56489685616e-06,4.35767822904e-06,1.92222670742e-05,4.4689142326e-06,4.41277055799e-06,4.62397810084e-06,4.48786705143e-06,1.77910617706e-05,1.80949623625e-05,1.80949623625e-05,1.73493641458e-05,0.00147046140578,0.00147697635315,0.00147262665995,0.00146400367604,0.0263157332307,0.00149018096953,0.0235295898486,2.12478884911e-06,0.0105594074721,0.022189643666,0.826912286661,0.022189643666,0.00887717033358,0.0220916110003,0.0104335080394
'OW1',4.6842137313e-06,4.85071911911e-06,4.4689142326e-06,4.56489685616e-06,4.56489685616e-06,4.66400507444e-06,4.37592714956e-06,4.35767822904e-06,4.6842137313e-06,4.70455400828e-06,4.56489685616e-06,4.56489685616e-06,4.45008121398e-06,4.56489685616e-06,4.35767822904e-06,1.92222670742e-05,4.4689142326e-06,4.41277055799e-06,4.62397810084e-06,4.48786705143e-06,1.77910617706e-05,1.80949623625e-05,1.80949623625e-05,1.73493641458e-05,0.00147046140578,2.17522290597e-06,0.00147262665995,0.00146400367604,0.0131589352312,2.21423621029e-06,2.16244737144e-06,2.12478884911e-06,0.00754308383833,0.0103563340372,0.0542498006075,0.817979716202,0.0236688073696,0.0103105751713,0.00745314026828
'AO1',4.6842137313e-06,4.85071911911e-06,4.4689142326e-06,4.56489685616e-06,4.56489685616e-06,4.66400507444e-06,4.37592714956e-06,4.35767822904e-06,4.6842137313e-06,4.70455400828e-06,4.56489685616e-06,4.56489685616e-06,4.45008121398e-06,4.56489685616e-06,4.35767822904e-06,1.92222670742e-05,4.4689142326e-06,4.41277055799e-06,4.62397810084e-06,4.48786705143e-06,1.77910617706e-05,1.80949623625e-05,1.80949623625e-05,1.73493641458e-05,0.00147046140578,0.0029517774834,2.16244737144e-06,0.00146400367604,0.00731146945362,0.0119059481027,0.011765876148,0.00145972993934,0.0135757311059,0.0103563340372,0.0439867315328,0.00739800662998,0.575396868812,0.0986683438883,0.275686239673
'AH1',4.6842137313e-06,4.85071911911e-06,4.4689142326e-06,4.56489685616e-06,4.56489685616e-06,4.66400507444e-06,4.37592714956e-06,4.35767822904e-06,4.6842137313e-06,4.70455400828e-06,4.56489685616e-06,4.56489685616e-06,4.45008121398e-06,4.56489685616e-06,4.35767822904e-06,1.92222670742e-05,4.4689142326e-06,4.41277055799e-06,4.62397810084e-06,4.48786705143e-06,1.77910617706e-05,1.80949623625e-05,1.80949623625e-05,1.73493641458e-05,0.0161535144459,2.17522290597e-06,2.16244737144e-06,0.00146400367604,0.00292587012043,0.017857815036,2.16244737144e-06,0.00874775569178,0.185506178232,0.0192313162588,2.14978405419e-06,0.00591884292638,0.0414187718127,0.659740175241,0.190745758195
'AA1',4.6842137313e-06,4.85071911911e-06,4.4689142326e-06,4.56489685616e-06,4.56489685616e-06,4.66400507444e-06,4.37592714956e-06,4.35767822904e-06,4.6842137313e-06,4.70455400828e-06,4.56489685616e-06,4.56489685616e-06,4.45008121398e-06,4.56489685616e-06,4.35767822904e-06,1.92222670742e-05,4.4689142326e-06,4.41277055799e-06,4.62397810084e-06,4.48786705143e-06,1.77910617706e-05,1.80949623625e-05,1.80949623625e-05,1.73493641458e-05,2.156101768e-06,2.17522290597e-06,2.16244737144e-06,0.00146400367604,0.00292587012043,2.21423621029e-06,0.00294309087253,2.12478884911e-06,0.0211165401904,0.00443967922278,0.0263928988333,0.0325437895912,0.304709911053,0.120757786067,0.387450031092